-- phpMyAdmin SQL Dump
-- version 4.9.1
-- https://www.phpmyadmin.net/
--
-- Host: 127.0.0.1
-- Tempo de geração: 19-Dez-2019 às 22:56
-- Versão do servidor: 10.4.8-MariaDB
-- versão do PHP: 7.3.11

SET SQL_MODE = "NO_AUTO_VALUE_ON_ZERO";
SET AUTOCOMMIT = 0;
START TRANSACTION;
SET time_zone = "+00:00";


/*!40101 SET @OLD_CHARACTER_SET_CLIENT=@@CHARACTER_SET_CLIENT */;
/*!40101 SET @OLD_CHARACTER_SET_RESULTS=@@CHARACTER_SET_RESULTS */;
/*!40101 SET @OLD_COLLATION_CONNECTION=@@COLLATION_CONNECTION */;
/*!40101 SET NAMES utf8mb4 */;

--
-- Banco de dados: `silvex_production`
--

-- --------------------------------------------------------

--
-- Estrutura da tabela `ci_sessions`
--

CREATE TABLE IF NOT EXISTS `ci_sessions` (
  `id` varchar(40) NOT NULL,
  `ip_address` varchar(45) NOT NULL,
  `timestamp` int(10) UNSIGNED NOT NULL DEFAULT 0,
  `data` blob NOT NULL,
  KEY `ci_sessions_timestamp` (`timestamp`)
) ENGINE=InnoDB DEFAULT CHARSET=utf8mb4;

--
-- Extraindo dados da tabela `ci_sessions`
--

INSERT INTO `ci_sessions` (`id`, `ip_address`, `timestamp`, `data`) VALUES
('th8p9uqr7h9mv8kctits1kncipuek7m3', '127.0.0.1', 1576782770, 0x5f5f63695f6c6173745f726567656e65726174657c693a313537363738323737303b6964656e746974797c733a31333a2261646d696e6973747261746f72223b757365726e616d657c733a31333a2261646d696e6973747261746f72223b656d61696c7c733a31353a2261646d696e4061646d696e2e636f6d223b757365725f69647c733a313a2231223b6f6c645f6c6173745f6c6f67696e7c733a31303a2231323638383839383233223b6c6173745f636865636b7c693a313537363738323737303b),
('ctrff23pc7j86j1ur1185eje8l29rnin', '127.0.0.1', 1576783159, 0x5f5f63695f6c6173745f726567656e65726174657c693a313537363738333135393b6964656e746974797c733a31333a2261646d696e6973747261746f72223b757365726e616d657c733a31333a2261646d696e6973747261746f72223b656d61696c7c733a31353a2261646d696e4061646d696e2e636f6d223b757365725f69647c733a313a2231223b6f6c645f6c6173745f6c6f67696e7c733a31303a2231323638383839383233223b6c6173745f636865636b7c693a313537363738323737303b),
('up6p0nntuq20u9u3r8lfnh4g4kl2pd9i', '127.0.0.1', 1576783709, 0x5f5f63695f6c6173745f726567656e65726174657c693a313537363738333730393b6964656e746974797c733a31333a2261646d696e6973747261746f72223b757365726e616d657c733a31333a2261646d696e6973747261746f72223b656d61696c7c733a31353a2261646d696e4061646d696e2e636f6d223b757365725f69647c733a313a2231223b6f6c645f6c6173745f6c6f67696e7c733a31303a2231323638383839383233223b6c6173745f636865636b7c693a313537363738323737303b),
('t9rgvb4leg6dbnmk0pve5l7fndil6led', '127.0.0.1', 1576784110, 0x5f5f63695f6c6173745f726567656e65726174657c693a313537363738343131303b6964656e746974797c733a31333a2261646d696e6973747261746f72223b757365726e616d657c733a31333a2261646d696e6973747261746f72223b656d61696c7c733a31353a2261646d696e4061646d696e2e636f6d223b757365725f69647c733a313a2231223b6f6c645f6c6173745f6c6f67696e7c733a31303a2231323638383839383233223b6c6173745f636865636b7c693a313537363738323737303b),
('gvh6e0jure978u6bdahkoe3jppkh1ft8', '127.0.0.1', 1576784217, 0x5f5f63695f6c6173745f726567656e65726174657c693a313537363738343231373b6964656e746974797c733a31333a2261646d696e6973747261746f72223b757365726e616d657c733a31333a2261646d696e6973747261746f72223b656d61696c7c733a31353a2261646d696e4073696c7665782e7074223b757365725f69647c733a313a2231223b6f6c645f6c6173745f6c6f67696e7c733a31303a2231353736373832373730223b6c6173745f636865636b7c693a313537363738343231373b),
('grugjdvinmi2nb3u36l3fujv59tipj2d', '127.0.0.1', 1576784235, 0x5f5f63695f6c6173745f726567656e65726174657c693a313537363738343233353b6964656e746974797c733a383a226a70636f656c686f223b757365726e616d657c733a383a226a70636f656c686f223b656d61696c7c733a31373a226a636f656c686f4073696c7665782e7074223b757365725f69647c733a313a2232223b6f6c645f6c6173745f6c6f67696e7c4e3b6c6173745f636865636b7c693a313537363738343233353b),
('ssce4lorjsu0jj2sdgcte2vkoenegk49', '127.0.0.1', 1576784269, 0x5f5f63695f6c6173745f726567656e65726174657c693a313537363738343236393b6964656e746974797c733a31333a2261646d696e6973747261746f72223b757365726e616d657c733a31333a2261646d696e6973747261746f72223b656d61696c7c733a31353a2261646d696e4073696c7665782e7074223b757365725f69647c733a313a2231223b6f6c645f6c6173745f6c6f67696e7c733a31303a2231353736373834323137223b6c6173745f636865636b7c693a313537363738343236393b),
('3sd36897ilicb6tv951pfcahsrmghcgq', '127.0.0.1', 1576784589, 0x5f5f63695f6c6173745f726567656e65726174657c693a313537363738343538393b6964656e746974797c733a31333a2261646d696e6973747261746f72223b757365726e616d657c733a31333a2261646d696e6973747261746f72223b656d61696c7c733a31353a2261646d696e4073696c7665782e7074223b757365725f69647c733a313a2231223b6f6c645f6c6173745f6c6f67696e7c733a31303a2231353736373834323137223b6c6173745f636865636b7c693a313537363738343236393b),
('qgc719ibim6mshmlmndh13lk4k5bl2b8', '127.0.0.1', 1576785008, 0x5f5f63695f6c6173745f726567656e65726174657c693a313537363738353030383b6964656e746974797c733a31333a2261646d696e6973747261746f72223b757365726e616d657c733a31333a2261646d696e6973747261746f72223b656d61696c7c733a31353a2261646d696e4073696c7665782e7074223b757365725f69647c733a313a2231223b6f6c645f6c6173745f6c6f67696e7c733a31303a2231353736373834323137223b6c6173745f636865636b7c693a313537363738343236393b),
('39sojfdp17o1uidp7h73i6ju5umjp6fp', '127.0.0.1', 1576785321, 0x5f5f63695f6c6173745f726567656e65726174657c693a313537363738353332313b6964656e746974797c733a31333a2261646d696e6973747261746f72223b757365726e616d657c733a31333a2261646d696e6973747261746f72223b656d61696c7c733a31353a2261646d696e4073696c7665782e7074223b757365725f69647c733a313a2231223b6f6c645f6c6173745f6c6f67696e7c733a31303a2231353736373834323137223b6c6173745f636865636b7c693a313537363738343236393b),
('5o27g4hvdtf559l6ualbnill0g46m1i3', '127.0.0.1', 1576786280, 0x5f5f63695f6c6173745f726567656e65726174657c693a313537363738363238303b6964656e746974797c733a31333a2261646d696e6973747261746f72223b757365726e616d657c733a31333a2261646d696e6973747261746f72223b656d61696c7c733a31353a2261646d696e4073696c7665782e7074223b757365725f69647c733a313a2231223b6f6c645f6c6173745f6c6f67696e7c733a31303a2231353736373834323137223b6c6173745f636865636b7c693a313537363738343236393b),
('o895kggcv8n0kn01utchj09po12hdph8', '127.0.0.1', 1576786629, 0x5f5f63695f6c6173745f726567656e65726174657c693a313537363738363632393b6964656e746974797c733a31333a2261646d696e6973747261746f72223b757365726e616d657c733a31333a2261646d696e6973747261746f72223b656d61696c7c733a31353a2261646d696e4073696c7665782e7074223b757365725f69647c733a313a2231223b6f6c645f6c6173745f6c6f67696e7c733a31303a2231353736373834323137223b6c6173745f636865636b7c693a313537363738343236393b),
('8fmpjosg3f1rb6l3daqq2f8ackdtt0c6', '127.0.0.1', 1576786982, 0x5f5f63695f6c6173745f726567656e65726174657c693a313537363738363938323b6964656e746974797c733a31333a2261646d696e6973747261746f72223b757365726e616d657c733a31333a2261646d696e6973747261746f72223b656d61696c7c733a31353a2261646d696e4073696c7665782e7074223b757365725f69647c733a313a2231223b6f6c645f6c6173745f6c6f67696e7c733a31303a2231353736373834323137223b6c6173745f636865636b7c693a313537363738343236393b),
('hq9e2pdf5jj6pgd55674vsaq8vu59gar', '127.0.0.1', 1576788246, 0x5f5f63695f6c6173745f726567656e65726174657c693a313537363738383234363b6964656e746974797c733a31333a2261646d696e6973747261746f72223b757365726e616d657c733a31333a2261646d696e6973747261746f72223b656d61696c7c733a31353a2261646d696e4073696c7665782e7074223b757365725f69647c733a313a2231223b6f6c645f6c6173745f6c6f67696e7c733a31303a2231353736373834323137223b6c6173745f636865636b7c693a313537363738343236393b),
('d5ju51ms7d437jii9e22sr5vm5f2nlv8', '127.0.0.1', 1576789332, 0x5f5f63695f6c6173745f726567656e65726174657c693a313537363738393333323b6964656e746974797c733a31333a2261646d696e6973747261746f72223b757365726e616d657c733a31333a2261646d696e6973747261746f72223b656d61696c7c733a31353a2261646d696e4073696c7665782e7074223b757365725f69647c733a313a2231223b6f6c645f6c6173745f6c6f67696e7c733a31303a2231353736373834323137223b6c6173745f636865636b7c693a313537363738343236393b),
('6j5rjnutnbnnvi40bjc1il9fv93b3io7', '127.0.0.1', 1576789658, 0x5f5f63695f6c6173745f726567656e65726174657c693a313537363738393635383b6964656e746974797c733a31333a2261646d696e6973747261746f72223b757365726e616d657c733a31333a2261646d696e6973747261746f72223b656d61696c7c733a31353a2261646d696e4073696c7665782e7074223b757365725f69647c733a313a2231223b6f6c645f6c6173745f6c6f67696e7c733a31303a2231353736373834323137223b6c6173745f636865636b7c693a313537363738343236393b),
('8ccrjn0fa61m7e83upqhdi6js09n564j', '127.0.0.1', 1576790009, 0x5f5f63695f6c6173745f726567656e65726174657c693a313537363739303030393b6964656e746974797c733a31333a2261646d696e6973747261746f72223b757365726e616d657c733a31333a2261646d696e6973747261746f72223b656d61696c7c733a31353a2261646d696e4073696c7665782e7074223b757365725f69647c733a313a2231223b6f6c645f6c6173745f6c6f67696e7c733a31303a2231353736373834323137223b6c6173745f636865636b7c693a313537363738343236393b),
('ihapbg0e8io7gauk37mmrcc8vlf9qbet', '127.0.0.1', 1576790392, 0x5f5f63695f6c6173745f726567656e65726174657c693a313537363739303339323b6964656e746974797c733a31333a2261646d696e6973747261746f72223b757365726e616d657c733a31333a2261646d696e6973747261746f72223b656d61696c7c733a31353a2261646d696e4073696c7665782e7074223b757365725f69647c733a313a2231223b6f6c645f6c6173745f6c6f67696e7c733a31303a2231353736373834323137223b6c6173745f636865636b7c693a313537363738343236393b),
('4prkhfrph2pfi2erq9itu1jmac442rqh', '127.0.0.1', 1576790908, 0x5f5f63695f6c6173745f726567656e65726174657c693a313537363739303930383b6964656e746974797c733a31333a2261646d696e6973747261746f72223b757365726e616d657c733a31333a2261646d696e6973747261746f72223b656d61696c7c733a31353a2261646d696e4073696c7665782e7074223b757365725f69647c733a313a2231223b6f6c645f6c6173745f6c6f67696e7c733a31303a2231353736373834323137223b6c6173745f636865636b7c693a313537363738343236393b),
('vdg2e686mkuqlip1nd06h334lsoubih4', '127.0.0.1', 1576790914, 0x5f5f63695f6c6173745f726567656e65726174657c693a313537363739303931343b6964656e746974797c733a31333a2261646d696e6973747261746f72223b757365726e616d657c733a31333a2261646d696e6973747261746f72223b656d61696c7c733a31353a2261646d696e4073696c7665782e7074223b757365725f69647c733a313a2231223b6f6c645f6c6173745f6c6f67696e7c733a31303a2231353736373834323639223b6c6173745f636865636b7c693a313537363739303931333b),
('k6f2nddh56sacd6qecf200e9qatuprh6', '127.0.0.1', 1576791220, 0x5f5f63695f6c6173745f726567656e65726174657c693a313537363739313232303b6964656e746974797c733a31333a2261646d696e6973747261746f72223b757365726e616d657c733a31333a2261646d696e6973747261746f72223b656d61696c7c733a31353a2261646d696e4073696c7665782e7074223b757365725f69647c733a313a2231223b6f6c645f6c6173745f6c6f67696e7c733a31303a2231353736373834323639223b6c6173745f636865636b7c693a313537363739303931333b),
('e435njaeedo91ohl10svbo4gjqvt32r7', '127.0.0.1', 1576791562, 0x5f5f63695f6c6173745f726567656e65726174657c693a313537363739313536323b6964656e746974797c733a31333a2261646d696e6973747261746f72223b757365726e616d657c733a31333a2261646d696e6973747261746f72223b656d61696c7c733a31353a2261646d696e4073696c7665782e7074223b757365725f69647c733a313a2231223b6f6c645f6c6173745f6c6f67696e7c733a31303a2231353736373834323639223b6c6173745f636865636b7c693a313537363739303931333b),
('6mvn5mnv3r3kfbkja92m2p1252vtov00', '127.0.0.1', 1576791956, 0x5f5f63695f6c6173745f726567656e65726174657c693a313537363739313935363b6964656e746974797c733a31333a2261646d696e6973747261746f72223b757365726e616d657c733a31333a2261646d696e6973747261746f72223b656d61696c7c733a31353a2261646d696e4073696c7665782e7074223b757365725f69647c733a313a2231223b6f6c645f6c6173745f6c6f67696e7c733a31303a2231353736373834323639223b6c6173745f636865636b7c693a313537363739303931333b),
('hjbumge2jl1ts9ugrs4po4805a3krm0k', '127.0.0.1', 1576792297, 0x5f5f63695f6c6173745f726567656e65726174657c693a313537363739323239373b6964656e746974797c733a31333a2261646d696e6973747261746f72223b757365726e616d657c733a31333a2261646d696e6973747261746f72223b656d61696c7c733a31353a2261646d696e4073696c7665782e7074223b757365725f69647c733a313a2231223b6f6c645f6c6173745f6c6f67696e7c733a31303a2231353736373834323639223b6c6173745f636865636b7c693a313537363739303931333b),
('45iia255vos4vqcu5l0sn3sbcc8n11iv', '127.0.0.1', 1576792398, 0x5f5f63695f6c6173745f726567656e65726174657c693a313537363739323239373b6964656e746974797c733a31333a2261646d696e6973747261746f72223b757365726e616d657c733a31333a2261646d696e6973747261746f72223b656d61696c7c733a31353a2261646d696e4073696c7665782e7074223b757365725f69647c733a313a2231223b6f6c645f6c6173745f6c6f67696e7c733a31303a2231353736373834323639223b6c6173745f636865636b7c693a313537363739303931333b);

-- --------------------------------------------------------

--
-- Estrutura da tabela `groups`
--

CREATE TABLE IF NOT EXISTS `groups` (
  `id` mediumint(8) UNSIGNED NOT NULL AUTO_INCREMENT,
  `name` varchar(20) NOT NULL,
  `description` varchar(100) NOT NULL,
  PRIMARY KEY (`id`)
) ENGINE=InnoDB AUTO_INCREMENT=10 DEFAULT CHARSET=utf8;

--
-- Extraindo dados da tabela `groups`
--

INSERT INTO `groups` (`id`, `name`, `description`) VALUES
(1, 'admin', 'Tipo de Utilizador'),
(2, 'members', 'Tipo de Utilizador'),
(3, 'work-center', 'Tipo de Utilizador'),
(4, 'extrusão_view', 'Extrusão'),
(5, 'extrusão_write', 'Extrusão'),
(6, 'extrusão_edit', 'Extrusão'),
(7, 'impressão_view', 'Impressão'),
(8, 'impressão_write', 'Impressão'),
(9, 'impressão_edit', 'Impressão');

-- --------------------------------------------------------

--
-- Estrutura da tabela `login_attempts`
--

CREATE TABLE IF NOT EXISTS `login_attempts` (
  `id` int(11) UNSIGNED NOT NULL AUTO_INCREMENT,
  `ip_address` varchar(45) NOT NULL,
  `login` varchar(100) NOT NULL,
  `time` int(11) UNSIGNED DEFAULT NULL,
  PRIMARY KEY (`id`)
) ENGINE=InnoDB DEFAULT CHARSET=utf8;

-- --------------------------------------------------------

--
-- Estrutura da tabela `users`
--

CREATE TABLE IF NOT EXISTS `users` (
  `id` int(11) UNSIGNED NOT NULL AUTO_INCREMENT,
  `ip_address` varchar(45) NOT NULL,
  `username` varchar(100) DEFAULT NULL,
  `password` varchar(255) NOT NULL,
  `email` varchar(254) NOT NULL,
  `activation_selector` varchar(255) DEFAULT NULL,
  `activation_code` varchar(255) DEFAULT NULL,
  `forgotten_password_selector` varchar(255) DEFAULT NULL,
  `forgotten_password_code` varchar(255) DEFAULT NULL,
  `forgotten_password_time` int(11) UNSIGNED DEFAULT NULL,
  `remember_selector` varchar(255) DEFAULT NULL,
  `remember_code` varchar(255) DEFAULT NULL,
  `created_on` int(11) UNSIGNED NOT NULL,
  `last_login` int(11) UNSIGNED DEFAULT NULL,
  `active` tinyint(1) UNSIGNED DEFAULT NULL,
  `name` varchar(50) DEFAULT NULL,
  `phone` varchar(20) DEFAULT NULL,
  PRIMARY KEY (`id`),
  UNIQUE KEY `uc_activation_selector` (`activation_selector`),
  UNIQUE KEY `uc_forgotten_password_selector` (`forgotten_password_selector`),
  UNIQUE KEY `uc_remember_selector` (`remember_selector`)
) ENGINE=InnoDB AUTO_INCREMENT=12 DEFAULT CHARSET=utf8;

--
-- Extraindo dados da tabela `users`
--

INSERT INTO `users` (`id`, `ip_address`, `username`, `password`, `email`, `activation_selector`, `activation_code`, `forgotten_password_selector`, `forgotten_password_code`, `forgotten_password_time`, `remember_selector`, `remember_code`, `created_on`, `last_login`, `active`, `name`, `phone`) VALUES
(1, '127.0.0.1', 'administrator', '$2y$10$qe.RyspkRZttel5MPux9q.EDNBW473DgY704Bf65fggOtADrJd08a', 'admin@silvex.pt', NULL, '', NULL, NULL, NULL, 'fa0759fc968edf69454566819c6dbabe372d5bc4', NULL, 1268889823, 1576790913, 1, 'Admin', ''),
(2, '127.0.0.1', 'jpcoelho', '$2y$10$aQUsubpCoR7kSljRNaeC3eYmF676UoBqLOrcLcoyT6/tCqUjxI0y6', 'jcoelho@silvex.pt', NULL, NULL, NULL, NULL, NULL, '83899481cf60c0a3d226ddcc82acfdadc632da68', '$2y$10$mIxzKX7sosoXxQaXg68yyuEOAmIOeeS1Ab1eRQZBUT1Z35HM7pday', 1576782895, 1576784235, 1, 'João Coelho', '918571632'),
(3, '127.0.0.1', 'mjose', '$2y$10$9caJcEqlJu7HnOzAAhImNevfNI7jsoRTNo3atz.Ib4.VP7Md99He6', 'mjose@silvex.pt', NULL, NULL, NULL, NULL, NULL, NULL, NULL, 1576783028, NULL, 1, 'Maria Cunha', ''),
(4, '127.0.0.1', 'LX-01 DELTA 1', '$2y$10$h/mA7tlb9MQBToZL5iBVgeC2ld5GIHuLxODb/bp0hbdxv5Xs6Gn/C', '', NULL, NULL, NULL, NULL, NULL, NULL, NULL, 1576783180, NULL, 1, 'LX-01 DELTA 1', ''),
(6, '127.0.0.1', 'LX-01 DELTA 3', '$2y$10$TqB6J9UbMCo6tu8WtbS4JuH4xAsLOK4nmuxgooN.OigjPeZviZHme', '', 'ddbf7e7f13ebac2298a4', '$2y$10$D8SlbOlzam4cUW5MG8aw7OA3hwlTL/Rgqs9wPlQKnDOhnbZyRU6oS', NULL, NULL, NULL, NULL, NULL, 1576783321, NULL, 0, 'LX-01 DELTA 3', ''),
(7, '127.0.0.1', 'LX-01 DELTA 4', '$2y$10$YSknEJ50RMWgr0SM0JblP.Odlh1jVLZNe2pllFszD9I9.h8GVVgGa', '', '2a5e49f5ed18fac08b53', '$2y$10$Bu1kjs/owW86pzY40yGjhOixQjLdeCSbRUDC8hvMfbFpWHAXwiF3e', NULL, NULL, NULL, NULL, NULL, 1576783498, NULL, 0, 'LX-01 DELTA 4', ''),
(8, '127.0.0.1', 'LX-01 DELTA 5', '$2y$10$K9o6SNdUhnAfX1QT3lQo7e.YvzdABvnatxCA0iNUqaaIchJmwwgaW', '', '1453c1d85c752ccb242a', '$2y$10$xer7IROQawd/gooKyG5ka.Ao0emq5W2TOHHiwVCpxwWxi.8L3JPPi', NULL, NULL, NULL, NULL, NULL, 1576783962, NULL, 0, 'LX-01 DELTA 5', ''),
(9, '127.0.0.1', 'LX-01 DELTA 6', '$2y$10$UkdUrr9twYUp2z7yXNTFmeMYwf.6FXtesS2OT6zqjvSZPMOc1g4.6', '', '976bc6e91021c6c83328', '$2y$10$2lETg/t66SL8gYdapXiWTuXiAK8lPKMTlxUvMMaW0iv2q1Fl1/FFK', NULL, NULL, NULL, NULL, NULL, 1576783977, NULL, 0, 'LX-01 DELTA 6', ''),
(10, '127.0.0.1', 'LX-01 DELTA 7', '$2y$10$01nRXJHgTePiik2beM9iQ.igfltI.OQhY0k2jG9uWwR9FMBdRTFSC', '', '3d8eccfa2f8785b188d0', '$2y$10$6j5bllAXrqVwL8MTC1qEPOuEaMiNegf1G4nGvYjTObS2kMB/dJMky', NULL, NULL, NULL, NULL, NULL, 1576784010, NULL, 0, 'LX-01 DELTA 7', ''),
(11, '127.0.0.1', 'teste', '$2y$10$sBVs/fRgewW8hcbml2P32OOoFGbo8cu.N09mJITdkFWttLxRq8DU.', '', NULL, NULL, NULL, NULL, NULL, NULL, NULL, 1576791525, NULL, 1, 'teste', '');

-- --------------------------------------------------------

--
-- Estrutura da tabela `users_groups`
--

CREATE TABLE IF NOT EXISTS `users_groups` (
  `id` int(11) UNSIGNED NOT NULL AUTO_INCREMENT,
  `user_id` int(11) UNSIGNED NOT NULL,
  `group_id` mediumint(8) UNSIGNED NOT NULL,
  PRIMARY KEY (`id`),
  UNIQUE KEY `uc_users_groups` (`user_id`,`group_id`),
  KEY `fk_users_groups_users1_idx` (`user_id`),
  KEY `fk_users_groups_groups1_idx` (`group_id`)
) ENGINE=InnoDB AUTO_INCREMENT=12 DEFAULT CHARSET=utf8;

--
-- Extraindo dados da tabela `users_groups`
--

INSERT INTO `users_groups` (`id`, `user_id`, `group_id`) VALUES
(1, 1, 1),
(2, 2, 2),
(8, 8, 3),
(9, 9, 3),
(10, 10, 3);

--
-- Restrições para despejos de tabelas
--

--
-- Limitadores para a tabela `users_groups`
--
ALTER TABLE `users_groups`
  ADD CONSTRAINT `fk_users_groups_groups1` FOREIGN KEY (`group_id`) REFERENCES `groups` (`id`) ON DELETE CASCADE ON UPDATE NO ACTION,
  ADD CONSTRAINT `fk_users_groups_users1` FOREIGN KEY (`user_id`) REFERENCES `users` (`id`) ON DELETE CASCADE ON UPDATE NO ACTION;
COMMIT;

/*!40101 SET CHARACTER_SET_CLIENT=@OLD_CHARACTER_SET_CLIENT */;
/*!40101 SET CHARACTER_SET_RESULTS=@OLD_CHARACTER_SET_RESULTS */;
/*!40101 SET COLLATION_CONNECTION=@OLD_COLLATION_CONNECTION */;
